﻿<?xml version="1.0" encoding="UTF-8" standalone="yes"?>
<addon id="program.plexus"
       name="Plexus"
       version="0.8.5"
       provider-name="dilo00o">
  <requires>
    <import addon="xbmc.python" version="2.1.0"/>
    <import addon="script.module.beautifulsoup" version="3.0.8"/>
    <import addon="script.module.simplejson" />
    <import addon="script.module.pytz" />
    <import addon="script.module.requests" />
    <import addon="script.module.mechanize" version="0.2.6"/>
  </requires>
  <extension point="xbmc.python.pluginsource"
            library="default.py">
        <provides>video</provides>
  </extension>
  <extension point="xbmc.addon.repository" name="Plexus Repository">
        <info compressed="false">https://raw.githubusercontent.com/bazingashami/plexus_fork/master/plugin.video.plexus/addon.xml</info>
        <checksum>https://raw.githubusercontent.com/bazingashami/plexus_fork/master/addon.md5</checksum>
        <datadir zip="true">https://github.com/bazingashami/plexus_fork/blob/master/plugin.video.plexus.zip</datadir>
  </extension>
  <extension point="xbmc.addon.metadata">
    <summary>SopCast and AceStream for Kodi</summary>
    <description lang="en">Plexus - Any complex structure containing an intricate network of parts. Plexus brings native peer-to-peer support (AceStream and SopCast) for Kodi Entertainment Center for several platforms.[CR][CR]Documentation: (missing)</description>
    <forum>http://forum.kodi.tv/showthread.php?tid=201894</forum>
    <source>https://github.com/enen92/P2P-Streams-Kodi | https://github.com/enen92/P2P-Streams-Kodi--Modules-</source>
    <website>https://code.google.com/p/p2p-strm/</website>
    <platform>all</platform>
  </extension>
</addon>
